{
  "experiment": "P4_Java_S_expanded_GT",
  "gt_size": 59,
  "baseline": {
    "name": "v3c",
    "weights": [
      0.2,
      0.2,
      0.2,
      0.2,
      0.2
    ],
    "partial_r": 0.4472,
    "partial_r_p": 0.000384,
    "mw_p": 0.000221,
    "spearman_rho": 0.3795,
    "spearman_p": 0.003035,
    "auc": 0.7673,
    "gap": 0.0852,
    "pos_mean": 0.5707,
    "neg_mean": 0.4856,
    "max_dominance": 0.3713,
    "max_dom_comp": "A",
    "ci_lo": 0.2778,
    "ci_hi": 0.6098,
    "ci_width": 0.332
  },
  "baseline_ci": {
    "lo": 0.2778,
    "hi": 0.6098
  },
  "all_variants": [
    {
      "name": "M10_A10_S20_C30_CD30",
      "partial_r": 0.4842,
      "partial_r_p": 0.000102,
      "mw_p": 7.2e-05,
      "spearman_rho": 0.4169,
      "spearman_p": 0.001021,
      "auc": 0.7892,
      "gap": 0.109,
      "pos_mean": 0.4893,
      "neg_mean": 0.3802,
      "max_dominance": 0.2611,
      "max_dom_comp": "CD",
      "ci_lo": 0.3147,
      "ci_hi": 0.6442,
      "ci_width": 0.3295,
      "weights": [
        0.1,
        0.1,
        0.2,
        0.3,
        0.3
      ]
    },
    {
      "name": "S10_C30_CD20",
      "partial_r": 0.4719,
      "partial_r_p": 0.000161,
      "mw_p": 9.1e-05,
      "spearman_rho": 0.4245,
      "spearman_p": 0.000805,
      "auc": 0.7846,
      "gap": 0.0869,
      "pos_mean": 0.5757,
      "neg_mean": 0.4887,
      "max_dominance": 0.3685,
      "max_dom_comp": "A",
      "ci_lo": 0.284,
      "ci_hi": 0.6461,
      "ci_width": 0.3621,
      "weights": [
        0.2,
        0.2,
        0.1,
        0.3,
        0.2
      ]
    },
    {
      "name": "S12_C28_CD20",
      "partial_r": 0.471,
      "partial_r_p": 0.000167,
      "mw_p": 0.000123,
      "spearman_rho": 0.4142,
      "spearman_p": 0.00111,
      "auc": 0.7788,
      "gap": 0.0866,
      "pos_mean": 0.5747,
      "neg_mean": 0.4881,
      "max_dominance": 0.369,
      "max_dom_comp": "A",
      "ci_lo": 0.2873,
      "ci_hi": 0.6439,
      "ci_width": 0.3566,
      "weights": [
        0.2,
        0.2,
        0.12,
        0.28,
        0.2
      ]
    },
    {
      "name": "S08_C32_CD20",
      "partial_r": 0.4705,
      "partial_r_p": 0.00017,
      "mw_p": 0.000116,
      "spearman_rho": 0.4177,
      "spearman_p": 0.000995,
      "auc": 0.78,
      "gap": 0.0873,
      "pos_mean": 0.5767,
      "neg_mean": 0.4894,
      "max_dominance": 0.3679,
      "max_dom_comp": "A",
      "ci_lo": 0.274,
      "ci_hi": 0.6442,
      "ci_width": 0.3702,
      "weights": [
        0.2,
        0.2,
        0.08,
        0.32,
        0.2
      ]
    },
    {
      "name": "M15_A15_C25_CD25",
      "partial_r": 0.4679,
      "partial_r_p": 0.000186,
      "mw_p": 8.6e-05,
      "spearman_rho": 0.4055,
      "spearman_p": 0.001443,
      "auc": 0.7857,
      "gap": 0.0971,
      "pos_mean": 0.53,
      "neg_mean": 0.4329,
      "max_dominance": 0.3052,
      "max_dom_comp": "A",
      "ci_lo": 0.2965,
      "ci_hi": 0.6285,
      "ci_width": 0.332,
      "weights": [
        0.15,
        0.15,
        0.2,
        0.25,
        0.25
      ]
    },
    {
      "name": "S15_C25",
      "partial_r": 0.4655,
      "partial_r_p": 0.000203,
      "mw_p": 0.000123,
      "spearman_rho": 0.4089,
      "spearman_p": 0.001304,
      "auc": 0.7788,
      "gap": 0.0861,
      "pos_mean": 0.5732,
      "neg_mean": 0.4872,
      "max_dominance": 0.3699,
      "max_dom_comp": "A",
      "ci_lo": 0.2856,
      "ci_hi": 0.6366,
      "ci_width": 0.351,
      "weights": [
        0.2,
        0.2,
        0.15,
        0.25,
        0.2
      ]
    },
    {
      "name": "S15_C25_CD20",
      "partial_r": 0.4655,
      "partial_r_p": 0.000203,
      "mw_p": 0.000123,
      "spearman_rho": 0.4089,
      "spearman_p": 0.001304,
      "auc": 0.7788,
      "gap": 0.0861,
      "pos_mean": 0.5732,
      "neg_mean": 0.4872,
      "max_dominance": 0.3699,
      "max_dom_comp": "A",
      "ci_lo": 0.2856,
      "ci_hi": 0.6366,
      "ci_width": 0.351,
      "weights": [
        0.2,
        0.2,
        0.15,
        0.25,
        0.2
      ]
    },
    {
      "name": "S05_C35_CD20",
      "partial_r": 0.4644,
      "partial_r_p": 0.000211,
      "mw_p": 0.000156,
      "spearman_rho": 0.412,
      "spearman_p": 0.001186,
      "auc": 0.7742,
      "gap": 0.0878,
      "pos_mean": 0.5781,
      "neg_mean": 0.4903,
      "max_dominance": 0.3671,
      "max_dom_comp": "A",
      "ci_lo": 0.2582,
      "ci_hi": 0.6374,
      "ci_width": 0.3792,
      "weights": [
        0.2,
        0.2,
        0.05,
        0.35,
        0.2
      ]
    },
    {
      "name": "M15_A10_S20_C25_CD30",
      "partial_r": 0.4578,
      "partial_r_p": 0.000266,
      "mw_p": 0.000116,
      "spearman_rho": 0.3973,
      "spearman_p": 0.001835,
      "auc": 0.78,
      "gap": 0.1039,
      "pos_mean": 0.503,
      "neg_mean": 0.3992,
      "max_dominance": 0.2518,
      "max_dom_comp": "CD",
      "ci_lo": 0.285,
      "ci_hi": 0.6208,
      "ci_width": 0.3358,
      "weights": [
        0.15,
        0.1,
        0.2,
        0.25,
        0.3
      ]
    },
    {
      "name": "v3c",
      "partial_r": 0.4472,
      "partial_r_p": 0.000384,
      "mw_p": 0.000221,
      "spearman_rho": 0.3795,
      "spearman_p": 0.003035,
      "auc": 0.7673,
      "gap": 0.0852,
      "pos_mean": 0.5707,
      "neg_mean": 0.4856,
      "max_dominance": 0.3713,
      "max_dom_comp": "A",
      "ci_lo": 0.2778,
      "ci_hi": 0.6098,
      "ci_width": 0.332,
      "weights": [
        0.2,
        0.2,
        0.2,
        0.2,
        0.2
      ]
    },
    {
      "name": "S25_M15_A15",
      "partial_r": 0.4449,
      "partial_r_p": 0.000414,
      "mw_p": 0.000131,
      "spearman_rho": 0.3984,
      "spearman_p": 0.001778,
      "auc": 0.7776,
      "gap": 0.0962,
      "pos_mean": 0.5276,
      "neg_mean": 0.4313,
      "max_dominance": 0.3065,
      "max_dom_comp": "A",
      "ci_lo": 0.2854,
      "ci_hi": 0.6032,
      "ci_width": 0.3178,
      "weights": [
        0.15,
        0.15,
        0.25,
        0.2,
        0.25
      ]
    },
    {
      "name": "S10_C25_CD25",
      "partial_r": 0.4439,
      "partial_r_p": 0.000429,
      "mw_p": 0.000208,
      "spearman_rho": 0.3746,
      "spearman_p": 0.003465,
      "auc": 0.7684,
      "gap": 0.0885,
      "pos_mean": 0.5787,
      "neg_mean": 0.4902,
      "max_dominance": 0.3669,
      "max_dom_comp": "A",
      "ci_lo": 0.2484,
      "ci_hi": 0.6253,
      "ci_width": 0.3769,
      "weights": [
        0.2,
        0.2,
        0.1,
        0.25,
        0.25
      ]
    },
    {
      "name": "S15_CD25",
      "partial_r": 0.4361,
      "partial_r_p": 0.000556,
      "mw_p": 0.000175,
      "spearman_rho": 0.3764,
      "spearman_p": 0.003299,
      "auc": 0.7719,
      "gap": 0.0876,
      "pos_mean": 0.5763,
      "neg_mean": 0.4887,
      "max_dominance": 0.3683,
      "max_dom_comp": "A",
      "ci_lo": 0.2557,
      "ci_hi": 0.6093,
      "ci_width": 0.3536,
      "weights": [
        0.2,
        0.2,
        0.15,
        0.2,
        0.25
      ]
    },
    {
      "name": "S30_M15_A10_C20_CD25",
      "partial_r": 0.4361,
      "partial_r_p": 0.000555,
      "mw_p": 0.000234,
      "spearman_rho": 0.3849,
      "spearman_p": 0.002608,
      "auc": 0.7661,
      "gap": 0.1006,
      "pos_mean": 0.4951,
      "neg_mean": 0.3945,
      "max_dominance": 0.2208,
      "max_dom_comp": "M",
      "ci_lo": 0.2827,
      "ci_hi": 0.59,
      "ci_width": 0.3073,
      "weights": [
        0.15,
        0.1,
        0.3,
        0.2,
        0.25
      ]
    },
    {
      "name": "S15_M25",
      "partial_r": 0.4328,
      "partial_r_p": 0.000618,
      "mw_p": 0.000221,
      "spearman_rho": 0.3874,
      "spearman_p": 0.002434,
      "auc": 0.7673,
      "gap": 0.0809,
      "pos_mean": 0.587,
      "neg_mean": 0.5061,
      "max_dominance": 0.359,
      "max_dom_comp": "A",
      "ci_lo": 0.2454,
      "ci_hi": 0.6106,
      "ci_width": 0.3652,